{
    "mean": [
        70048.43643263757,
        62694.62239089184,
        88922.17520556609,
        118759.63377609108,
        89377.72612270714,
        50465.33270082226,
        45448.97912713473,
        2016.9487666034156,
        6.555977229601518,
        525716.9057558507,
        572.348785578748,
        2184.5385262492086,
        4.226875395319418,
        1.5206704617330813,
        0.8039945604048074,
        0.4490206831119542
    ],
    "std": [
        115198.8566168289,
        100463.11792553739,
        133429.9293158915,
        176783.025000456,
        155853.88631777267,
        93457.30921064976,
        84074.447719498,
        4.497441123250063,
        3.4879657585677837,
        790131.0932324087,
        435.11323370083744,
        2064.3120881087707,
        2.471747937175043,
        2.473518811866381,
        1.2366885786353095,
        0.09425401047496572
    ],
    "best_hyperparameters": {
        "learning_rate": 0.005,
        "num_layers": 5,
        "hidden_units": 512,
        "dropout_rate": 0.0,
        "batch_size": 128
    },
    "test_performance": {
        "mae": 355924.29368681065,
        "mape": 39.73891025734718,
        "r2": 0.7900840670742462
    }
}